pn_id,alias
7BGoX5yBgi,charles
D6rY2hGO4r,charles
ILQFEWJ0SW,charles
L0mhqQt-8H,charles
lpiR56ny_b,charles
5NARaPRkSp,chris
-47FT3Kv-N,david
3zeeR11YNe,david
6AN-TeA3Jk,david
a8Gu84mPIA,david
kCN0-Qy2Mz,david
0tiQyf_MMX,harry
AjCjQ1Dzl4,harry
G054moDmA2,harry
Q4OMcL0rqd,harry
oMsP5L3lJa,harry
0gI3DsAEI3,harry n
3eHJYCMqYM,harry n
GLk9GrUawO,harry n
aURLVzi1B6,harry n
FQN9hzhzP_,henry
eJnRVxWtTr,henry
wgnNFHC2ZI,henry
FJqZyN7BjN,isaiah
PEMYRVPxOS,isaiah
2_XManGG7d,jayden
MBFczOlpuA,jayden
gpP9uUffpu,jayden
d-4X_F_SSU,luis
